{
  "accuracy": 0.9995962220427653,
  "precision": 0.9411764705882353,
  "recall": 0.8163265306122449,
  "f1": 0.8743169398907104,
  "auc": 0.9533159317469251,
  "confusion_matrix": {
    "tn": 56859,
    "fp": 5,
    "fn": 18,
    "tp": 80
  },
  "roc_curve": {
    "fpr": [
      0.0,
      0.0,
      0.0,
      1.758581879572313e-05,
      1.758581879572313e-05,
      1.758581879572313e-05,
      1.758581879572313e-05,
      1.758581879572313e-05,
      3.517163759144626e-05,
      3.517163759144626e-05,
      3.517163759144626e-05,
      3.517163759144626e-05,
      5.2757456387169386e-05,
      7.034327518289252e-05,
      7.034327518289252e-05,
      8.792909397861564e-05,
      8.792909397861564e-05,
      0.0001231007315700619,
      0.0001231007315700619,
      0.00019344400675295442,
      0.00019344400675295442,
      0.0002462014631401238,
      0.00026378728193584693,
      0.00029895891952729317,
      0.00033413055711873946,
      0.0003693021947101857,
      0.00040447383230163194,
      0.0004220596510973551,
      0.00047481710748452447,
      0.0005627462014631402,
      0.0007561902082160945,
      0.0009672200337647721,
      0.0013013505908835116,
      0.0028313168261114236,
      0.013927968486212718,
      1.0
    ],
    "tpr": [
      0.0,
      0.17346938775510204,
      0.2755102040816326,
      0.3673469387755102,
      0.3877551020408163,
      0.45918367346938777,
      0.5102040816326531,
      0.5714285714285714,
      0.6122448979591837,
      0.6938775510204082,
      0.7244897959183674,
      0.7551020408163265,
      0.7653061224489796,
      0.7653061224489796,
      0.8061224489795918,
      0.8163265306122449,
      0.8367346938775511,
      0.8367346938775511,
      0.8571428571428571,
      0.8571428571428571,
      0.8673469387755102,
      0.8673469387755102,
      0.8673469387755102,
      0.8775510204081632,
      0.8775510204081632,
      0.8775510204081632,
      0.8775510204081632,
      0.8775510204081632,
      0.8775510204081632,
      0.8877551020408163,
      0.8877551020408163,
      0.8877551020408163,
      0.8979591836734694,
      0.8979591836734694,
      0.9081632653061225,
      1.0
    ]
  },
  "pr_curve": {
    "precision": [
      0.0017204452090867595,
      0.10102156640181612,
      0.3534136546184739,
      0.5432098765432098,
      0.6126760563380281,
      0.6692307692307692,
      0.7310924369747899,
      0.7610619469026548,
      0.7818181818181819,
      0.7889908256880734,
      0.8037383177570093,
      0.8113207547169812,
      0.819047619047619,
      0.8349514563106796,
      0.85,
      0.8585858585858586,
      0.8854166666666666,
      0.8842105263157894,
      0.9230769230769231,
      0.9222222222222223,
      0.9213483146067416,
      0.9318181818181818,
      0.9425287356321839,
      0.9411764705882353,
      0.9518072289156626,
      0.9506172839506173,
      0.9493670886075949,
      0.9615384615384616,
      0.9736842105263158,
      0.9726027397260274,
      0.9722222222222222,
      0.971830985915493,
      0.9714285714285714,
      0.9705882352941176,
      0.9696969696969697,
      0.96875,
      0.967741935483871,
      0.9824561403508771,
      0.9814814814814815,
      0.9803921568627451,
      0.9782608695652174,
      0.9743589743589743,
      0.972972972972973,
      1.0,
      1.0,
      1.0
    ],
    "recall": [
      1.0,
      0.9081632653061225,
      0.8979591836734694,
      0.8979591836734694,
      0.8877551020408163,
      0.8877551020408163,
      0.8877551020408163,
      0.8775510204081632,
      0.8775510204081632,
      0.8775510204081632,
      0.8775510204081632,
      0.8775510204081632,
      0.8775510204081632,
      0.8775510204081632,
      0.8673469387755102,
      0.8673469387755102,
      0.8673469387755102,
      0.8571428571428571,
      0.8571428571428571,
      0.8469387755102041,
      0.8367346938775511,
      0.8367346938775511,
      0.8367346938775511,
      0.8163265306122449,
      0.8061224489795918,
      0.7857142857142857,
      0.7653061224489796,
      0.7653061224489796,
      0.7551020408163265,
      0.7244897959183674,
      0.7142857142857143,
      0.7040816326530612,
      0.6938775510204082,
      0.673469387755102,
      0.6530612244897959,
      0.6326530612244898,
      0.6122448979591837,
      0.5714285714285714,
      0.5408163265306123,
      0.5102040816326531,
      0.45918367346938777,
      0.3877551020408163,
      0.3673469387755102,
      0.2755102040816326,
      0.17346938775510204,
      0.0
    ]
  },
  "threshold_analysis": [
    {
      "threshold": 0.1,
      "precision": 0.6692307692307692,
      "recall": 0.8877551020408163,
      "fp": 43,
      "fn": 11,
      "tp": 87,
      "tn": 56821
    },
    {
      "threshold": 0.2,
      "precision": 0.8037383177570093,
      "recall": 0.8775510204081632,
      "fp": 21,
      "fn": 12,
      "tp": 86,
      "tn": 56843
    },
    {
      "threshold": 0.3,
      "precision": 0.8854166666666666,
      "recall": 0.8673469387755102,
      "fp": 11,
      "fn": 13,
      "tp": 85,
      "tn": 56853
    },
    {
      "threshold": 0.4,
      "precision": 0.9222222222222223,
      "recall": 0.8469387755102041,
      "fp": 7,
      "fn": 15,
      "tp": 83,
      "tn": 56857
    },
    {
      "threshold": 0.5,
      "precision": 0.9411764705882353,
      "recall": 0.8163265306122449,
      "fp": 5,
      "fn": 18,
      "tp": 80,
      "tn": 56859
    },
    {
      "threshold": 0.6,
      "precision": 0.9493670886075949,
      "recall": 0.7653061224489796,
      "fp": 4,
      "fn": 23,
      "tp": 75,
      "tn": 56860
    },
    {
      "threshold": 0.7,
      "precision": 0.971830985915493,
      "recall": 0.7040816326530612,
      "fp": 2,
      "fn": 29,
      "tp": 69,
      "tn": 56862
    },
    {
      "threshold": 0.8,
      "precision": 0.9696969696969697,
      "recall": 0.6530612244897959,
      "fp": 2,
      "fn": 34,
      "tp": 64,
      "tn": 56862
    },
    {
      "threshold": 0.9,
      "precision": 0.9803921568627451,
      "recall": 0.5102040816326531,
      "fp": 1,
      "fn": 48,
      "tp": 50,
      "tn": 56863
    }
  ],
  "feature_importance": [
    {
      "feature": "V17",
      "importance": 0.1869501320510232
    },
    {
      "feature": "V14",
      "importance": 0.17065725215710958
    },
    {
      "feature": "V12",
      "importance": 0.10610869037469081
    },
    {
      "feature": "V10",
      "importance": 0.08141828032202014
    },
    {
      "feature": "V16",
      "importance": 0.07210027737809459
    },
    {
      "feature": "V4",
      "importance": 0.03350348969748293
    },
    {
      "feature": "V9",
      "importance": 0.029154942179654638
    },
    {
      "feature": "V7",
      "importance": 0.027311134854962612
    },
    {
      "feature": "V26",
      "importance": 0.021813868069905186
    },
    {
      "feature": "V18",
      "importance": 0.020964766380691436
    }
  ],
  "eda": {
    "total_transactions": 284807,
    "fraud_count": 492,
    "fraud_rate": 0.001727485630620034,
    "avg_amount_legit": 88.29102242231328,
    "avg_amount_fraud": 122.21132113821139
  }
}